id;email;mot_passe;nom;prenom;adresse;tel;photo;photo_content_type
1;Annette26@gmail.com;Nord-Pas-de-Calais navigate drive;Adaptive SQL;deposit Granite Sleek;Stand-alone Wooden;Ergonomic;../fake-data/blob/hipster.png;image/png
2;Thodora_Laurent@hotmail.fr;digital Comores;Loan;Account schemas a;envisioneer deposit;Guyane a Bûcherie;../fake-data/blob/hipster.png;image/png
3;Andre98@gmail.com;Money;Kids pink a;reintermediate;connect redundant;Turquie;../fake-data/blob/hipster.png;image/png
4;Fleur.Olivier@yahoo.fr;Chair Gloves;deposit e-business Bedfordshire;Specialiste content;quantifying;c;../fake-data/blob/hipster.png;image/png
5;Jeannel.Guillaume55@hotmail.fr;hack quantify a;feed a;Account;Aquitaine Developpeur withdrawal;action-items;../fake-data/blob/hipster.png;image/png
6;Gaspar_Menard12@hotmail.fr;Avon;partnerships bypassing;attitude-oriented feed la;whiteboard blue;Tasty Charron c;../fake-data/blob/hipster.png;image/png
7;Anceline_Vasseur@yahoo.fr;navigate Loan;payment Account next;Belgique Concrete;d'Alésia a Bacon;Berkshire;../fake-data/blob/hipster.png;image/png
8;Carine_Carpentier@hotmail.fr;Languedoc-Roussillon;payment parse Wooden;interactive pixel capacity;Bourgogne Account;compress Right-sized;../fake-data/blob/hipster.png;image/png
9;Candide65@gmail.com;5th Borders;synthesizing Assistant;Clothing repurpose redundant;Money salmon;Rubber Shoes Lombards;../fake-data/blob/hipster.png;image/png
10;Palmon.Morel@hotmail.fr;Unbranded online implementation;Dahomey Account;aggregate;Towels Borders;deposit Music;../fake-data/blob/hipster.png;image/png
