id;adresse;tel;date_travail;photo;photo_content_type
1;Table turn-key;Architecte Awesome Adolphe;2022-04-28;../fake-data/blob/hipster.png;image/png
2;redundant;back Technicien;2022-04-28;../fake-data/blob/hipster.png;image/png
3;Chair Designer;holistic;2022-04-28;../fake-data/blob/hipster.png;image/png
4;compress Fantastic vortals;Kina;2022-04-27;../fake-data/blob/hipster.png;image/png
5;Loan;Portugal;2022-04-28;../fake-data/blob/hipster.png;image/png
6;primary lime;Danish Directeur;2022-04-28;../fake-data/blob/hipster.png;image/png
7;Designer;Rubber quantifying Practical;2022-04-27;../fake-data/blob/hipster.png;image/png
8;IB;compressing du;2022-04-28;../fake-data/blob/hipster.png;image/png
9;Poitou-Charentes;Persistent Euro;2022-04-28;../fake-data/blob/hipster.png;image/png
10;Shirt grey payment;database Saint-Marin Borders;2022-04-27;../fake-data/blob/hipster.png;image/png
